['Annee','Crime','Chomage'],
['2010',18.42718,8.625556555555557],
['2011',18.54392,8.897778777777777],
['2012',18.65625,9.733334333333335],
['2013',19.35685,9.718889888888889],
['2014',19.5743,10.100000999999994],
['2015',19.25878,9.890000999999991],
['2016',19.15189,9.847778777777773],
