['Annee','Crime','SansDip'],
['2010',92.1359,105.5342225],
['2011',92.7196,103.890890000000015],
['2012',93.28125,102.397687500000025],
['2013',96.78425,359.10489750000005],
