['Region','Personnes pour 1 policier'],
['Pro',5733.3],
['Ile',11849.5],
['Rhô',13863.000000000002],
['Lan',6493.3],
['Nor',3970.8999999999996],
['Aqu',9285.9],
['Mid',9895.300000000001],
['Cen',9816.7],
['Pic',4665.599999999999],
['Lor',8788.9],
['Pay',9670.0],
['Bre',11382.300000000001],
['Als',5753.2],
['Hau',3868.3],
['Bou',8508.800000000001],
['Poi',10878.8],
['Bas',7144.599999999999],
['Auv',6993.4],
['Cha',5887.1],
['Fra',6412.500000000001],
['Lim',4438.8],
